ray1,ray2,ray3,ray4,ray5,kartx,karty,kartz,time,action
-1,6.522174,4.611084,6.4886,4.588917,15.98892,0.2638293,3.105267,0.1035839,NONE
-1,6.522388,4.611079,6.488386,4.588922,15.98892,0.2725704,3.10515,0.2008029,NONE
-1,6.522396,4.611074,6.488379,4.588927,15.98893,0.2751574,3.105128,0.3030287,NONE
-1,6.522388,4.611068,6.488388,4.588933,15.98893,0.2756686,3.105129,0.4046374,NONE
-1,6.522382,4.611064,6.488392,4.588937,15.98894,0.2757406,3.105128,0.5010574,NONE
-1,6.522376,4.611059,6.488399,4.588942,15.98894,0.2757467,3.105137,0.6055443,NONE
-1,6.522367,4.611053,6.488407,4.588948,15.98895,0.2757445,3.105137,0.7003748,NONE
-1,6.522363,4.61105,6.488412,4.588952,15.98895,0.2757453,3.105158,0.8052213,NONE
-1,6.522356,4.611045,6.488419,4.588956,15.98896,0.2757441,3.105177,0.9004402,NONE
-1,6.522349,4.61104,6.488426,4.588961,15.98896,0.2757433,3.105192,1.003955,NONE
-1,6.522346,4.611038,6.488428,4.588963,15.98896,0.2757443,3.105217,1.104438,NONE
-1,6.522346,4.611038,6.488429,4.588963,15.98896,0.2757444,3.105241,1.201346,NONE
-1,6.522346,4.611038,6.488429,4.588963,15.98896,0.2757444,3.105265,1.300635,NONE
-1,6.522347,4.611038,6.488429,4.588963,15.98896,0.2757441,3.10529,1.40565,NONE
-1,6.522346,4.611038,6.488429,4.588963,15.98896,0.2757443,3.105315,1.503818,NONE
-1,6.522346,4.611038,6.488428,4.588963,15.98896,0.275744,3.105338,1.601915,NONE
-1,6.522346,4.611038,6.488428,4.588963,15.98896,0.2757443,3.105363,1.701008,NONE
-1,6.522346,4.611038,6.488428,4.588963,15.98896,0.275744,3.105388,1.802698,NONE
-1,6.522346,4.611038,6.488428,4.588963,15.98896,0.2757443,3.105411,1.903061,ACCELERATE
-1,6.522346,4.611038,6.488428,4.588963,15.98896,0.2757443,3.105433,2.00018,ACCELERATE
-1,6.522346,4.611038,6.488428,4.588963,15.98896,0.2757449,3.105457,2.10519,ACCELERATE
-1,6.522346,4.611038,6.488428,4.588963,15.98896,0.2757443,3.105477,2.200842,ACCELERATE
-1,6.522346,4.611038,6.488428,4.588963,15.98896,0.2757439,3.105498,2.303996,ACCELERATE
-1,6.522346,4.611038,6.488428,4.588963,15.98896,0.2757441,3.105521,2.401531,ACCELERATE
-1,6.522346,4.611038,6.488428,4.588963,15.98896,0.2757443,3.105546,2.504252,ACCELERATE
-1,6.522346,4.611038,6.488428,4.588963,15.98896,0.275744,3.105566,2.604845,ACCELERATE
-1,6.522346,4.611038,6.488428,4.588963,15.98896,0.2757437,3.105587,2.705452,ACCELERATE
-1,6.522348,4.611039,6.488427,4.588962,15.98896,0.2757434,3.105602,2.800148,ACCELERATE
-1,6.522346,4.611038,6.488428,4.588963,15.98896,0.275744,3.105625,2.904608,ACCELERATE
-1,6.522346,4.611038,6.488428,4.588963,15.98896,0.2757441,3.105648,3.006013,ACCELERATE
-1,6.522373,4.611042,6.488403,4.588959,15.98896,0.2757275,3.140929,3.106124,ACCELERATE
-1,6.522484,4.611073,6.488292,4.588929,15.98892,0.2757064,3.309292,3.202792,ACCELERATE
-1,6.522654,4.611135,6.488122,4.588866,15.98886,0.2756983,3.626422,3.304073,ACCELERATE
-1,6.522941,4.611238,6.487835,4.588764,15.98875,0.2858803,4.075073,3.405108,ACCELERATE
-1,6.523359,4.611402,6.487418,4.5886,15.98859,0.2779097,4.644211,3.506067,ACCELERATE
-1,6.523713,4.61162,6.487066,4.588381,15.98837,0.2800526,5.318124,3.604586,ACCELERATE
-1,6.431221,4.605372,6.58252,4.595373,15.9964,0.278966,6.095406,3.702811,RIGHT_ACCELERATE
-1,5.999038,4.548151,7.126997,4.675786,16.0703,0.2792999,6.974928,3.802436,RIGHT_ACCELERATE
-1,5.682867,4.428264,7.589923,4.81947,16.20226,0.279114,7.937945,3.902251,ACCELERATE
-1,5.513815,4.296301,7.797139,4.951378,16.33352,0.2792005,8.991602,4.003013,ACCELERATE
-1,5.415372,4.172889,7.867765,5.064084,16.44977,0.2791518,10.09144,4.101346,LEFT_ACCELERATE
-1,5.684466,4.111877,7.368427,5.090552,16.48755,0.2791755,11.28084,4.201912,LEFT_ACCELERATE
-1,6.214957,4.197238,6.783397,5.01204,16.39942,0.2791592,12.56721,4.306332,LEFT_ACCELERATE
-1,6.447354,4.309821,6.575808,4.903907,16.29048,0.2791676,13.80607,4.403163,ACCELERATE
-1,6.593822,4.408737,6.444344,4.804884,16.19279,0.2791605,15.10668,4.50147,ACCELERATE
-1,6.734609,4.50379,6.317887,4.709735,16.09742,0.2791616,16.5294,4.605912,ACCELERATE
-1,6.860827,4.5887,6.204524,4.624772,16.01249,0.2791592,17.89463,4.703692,ACCELERATE
-1,6.98667,4.673167,6.091515,4.540276,15.9289,0.2791591,19.30303,4.802553,ACCELERATE
-1,7.110819,4.756373,5.980045,4.457053,15.84594,0.279159,20.74506,4.902049,ACCELERATE
-1,7.236684,4.840649,5.867054,4.37277,15.76198,0.2791578,22.23557,5.003385,ACCELERATE
-1,7.359135,4.922584,5.757144,4.290832,15.68011,0.2791588,23.70898,5.102542,ACCELERATE
-1,7.484614,5.006506,5.644535,4.206911,15.59557,0.2791592,25.24471,5.205802,ACCELERATE
-1,7.625742,5.088052,5.524249,4.126574,15.51509,0.2791599,26.6867,5.302763,LEFT_ACCELERATE
-1,8.187424,5.232817,5.173111,4.009599,15.38098,0.2791599,28.17838,5.403361,LEFT_ACCELERATE
-1,8.591648,5.415293,4.896987,3.838827,15.20591,0.2791612,29.61238,5.500355,ACCELERATE
-1,8.84169,5.591665,4.671873,3.662497,15.0286,0.2791601,31.10928,5.601552,ACCELERATE
-1,8.984342,5.770387,4.444104,3.4837,14.85242,0.2791603,32.64036,5.705018,ACCELERATE
-1,8.989864,5.9349,4.234352,3.319141,14.69,0.2791595,34.07935,5.802237,ACCELERATE
-1,8.884775,6.104229,4.05327,3.149786,14.52071,0.2791606,35.59869,5.904869,ACCELERATE
-1,8.689818,6.253562,4.00031,2.986702,14.35939,0.2791594,37.05924,6.003519,ACCELERATE
-1,8.40443,6.350522,4.11937,2.856299,14.19512,0.2791602,38.55517,6.104551,ACCELERATE
-1,8.097127,6.377057,4.417479,2.820931,14.03285,0.27916,39.98418,6.201111,LEFT_ACCELERATE
-1,8.021452,6.380701,4.526102,2.819664,13.77373,0.2791659,41.51354,6.305373,LEFT_ACCELERATE
-1,7.97034,6.416685,4.590545,2.784729,13.393,0.2791678,42.95263,6.405398,LEFT_ACCELERATE
-1,7.681484,6.402944,5.21826,2.824824,12.99134,0.2791643,44.31229,6.50059,LEFT_ACCELERATE
-1,7.488592,6.320765,5.806467,2.919752,12.46498,0.2791687,45.78793,6.605899,LEFT_ACCELERATE
-1,7.575634,6.277338,5.46229,2.939054,11.78818,0.2791919,47.1182,6.706377,LEFT_ACCELERATE
-1,7.98563,6.358077,4.569306,2.841899,10.90073,0.2792132,48.30297,6.806181,LEFT_ACCELERATE
-1,8.507386,6.576613,3.854481,2.64046,9.849112,0.2792035,49.29016,6.903395,LEFT_ACCELERATE
-1,8.860731,6.83847,3.395478,2.378235,8.662063,0.2791876,50.15841,7.00233,LEFT_ACCELERATE
-1,8.843185,7.032979,3.270283,2.167528,7.42845,0.2791724,50.96572,7.101348,LEFT_ACCELERATE
-1,8.472951,7.090971,3.669391,2.126512,6.191783,0.279165,51.79502,7.201338,ACCELERATE
-1,7.986749,7.018824,4.731342,2.287038,4.940194,0.279161,52.66693,7.303754,LEFT_ACCELERATE
-1,7.636214,6.829927,5.880579,2.533341,3.682429,0.2791616,53.48377,7.404495,LEFT_ACCELERATE
-1,7.17812,6.621645,8.243199,2.856965,2.448737,0.2791612,54.22027,7.500967,ACCELERATE
-1,6.537719,6.3057,-1,3.395334,1.114148,0.2791617,55.02959,7.605758,LEFT_ACCELERATE
-1,5.986945,5.850292,-1,3.949912,-0.1929922,0.2791607,55.77401,7.706808,LEFT_ACCELERATE
-1,5.626845,5.364417,-1,4.337656,-1.517812,0.2791805,56.35979,7.804263,LEFT_ACCELERATE
-1,5.458728,4.984309,9.632727,4.580785,-2.905371,0.2791816,56.76853,7.901606,LEFT_ACCELERATE
-1,5.299464,4.680988,9.172629,4.826973,-4.391107,0.2791754,57.077,8.003554,LEFT_ACCELERATE
-1,4.892934,4.033762,-1,-1,-5.832231,0.2791769,57.26758,8.101301,LEFT_ACCELERATE
-1,1.354969,0.9976283,-1,-1,-7.353318,0.2791895,57.26899,8.203705,LEFT_ACCELERATE
-1,1.884226,1.409561,-1,-1,-8.827097,0.2791791,57.10614,8.303387,LEFT_ACCELERATE
-1,2.717545,2.085085,-1,-1,-10.30264,0.279169,56.89513,8.403484,ACCELERATE
-1,2.713975,2.08177,-1,-1,-11.81131,0.2791613,56.70741,8.505569,ACCELERATE
-1,2.703377,2.072886,-1,-1,-13.22871,0.2791615,56.55317,8.601294,ACCELERATE
-1,2.695989,2.066722,-1,-1,-14.73156,0.2791601,56.40409,8.702685,ACCELERATE
-1,2.691396,2.062891,-1,-1,-16.25808,0.279161,56.26241,8.80561,ACCELERATE
-1,2.688725,2.060666,-1,-1,-17.69051,0.2791604,56.13525,8.902154,ACCELERATE
-1,2.687196,2.059392,-1,-1,-19.16415,0.2791602,56.00825,9.001454,ACCELERATE
-1,2.686176,2.058546,-1,-1,-20.67219,0.2791606,55.88094,9.103057,ACCELERATE
-1,2.685724,2.058169,-1,-1,-22.1741,0.2791603,55.75594,9.204237,ACCELERATE
-1,2.685598,2.058064,-1,-1,-23.65136,0.2791599,55.63413,9.303749,ACCELERATE
-1,2.685516,2.057995,-1,-1,-25.1397,0.2791598,55.51217,9.404003,ACCELERATE
-1,2.685778,2.058213,-1,-1,-26.61926,0.2791604,55.39143,9.503665,ACCELERATE
-1,2.686005,2.058402,-1,-1,-28.12179,0.2791599,55.26915,9.604871,ACCELERATE
-1,2.686275,2.058625,-1,-1,-29.59417,0.279159,55.14955,9.704043,ACCELERATE
-1,2.686558,2.058861,-1,-1,-31.05607,0.2791592,55.03094,9.80251,LEFT_ACCELERATE
-1,3.450004,2.709001,-1,-1,-32.54688,0.2791615,54.88273,9.903124,LEFT_ACCELERATE
9.787516,5.552734,4.68096,5.304315,-1,-33.96714,0.2791736,54.61936,10.00027,LEFT_ACCELERATE
9.975204,8.619206,4.904043,5.090726,4.566656,-35.40978,0.2791987,54.13488,10.10279,LEFT_ACCELERATE
-1,-1,4.940511,5.144163,4.36179,-36.73253,0.2792085,53.39826,10.20488,LEFT_ACCELERATE
-1,-1,4.925185,5.253846,4.320884,-37.85398,0.2791954,52.51527,10.301,LEFT_ACCELERATE
-1,-1,4.920438,5.253011,4.328686,-38.93012,0.2791802,51.48725,10.40103,LEFT_ACCELERATE
-1,-1,5.022234,5.055121,4.273513,-39.97218,0.2791688,50.41984,10.50121,LEFT_ACCELERATE
-1,-1,5.09685,5.003122,4.186368,-40.91894,0.2791751,49.29104,10.6003,LEFT_ACCELERATE
-1,-1,5.057143,5.202785,4.160383,-41.71049,0.2792009,48.01907,10.70122,LEFT_ACCELERATE
-1,8.066023,4.899465,5.762973,4.301888,-42.24893,0.279213,46.64941,10.8005,LEFT_ACCELERATE
-1,6.601561,4.631963,6.506641,4.620117,-42.56858,0.2791979,45.1232,10.9056,LEFT_ACCELERATE
-1,5.899922,4.308335,7.059559,4.964983,-42.71355,0.279183,43.66652,11.00401,LEFT_ACCELERATE
-1,5.707432,4.002038,7.213134,5.228384,-42.82056,0.2791684,42.17022,11.10476,ACCELERATE
-1,5.911438,3.841504,7.066772,5.356596,-42.95274,0.2791636,40.75031,11.20052,ACCELERATE
-1,6.189747,3.818211,6.858826,5.385742,-43.12051,0.2791612,39.24607,11.30214,ACCELERATE
-1,6.501223,3.934674,6.626242,5.319862,-43.3042,0.2791607,37.75708,11.40287,ACCELERATE
-1,6.817317,4.124112,6.390242,5.173606,-43.4945,0.2791601,36.30162,11.50142,ACCELERATE
-1,7.168852,4.336147,6.127773,4.959538,-43.70458,0.2791611,34.75184,11.60641,ACCELERATE
-1,7.510516,4.542439,5.872646,4.753337,-43.90874,0.2791591,33.28017,11.70616,ACCELERATE
-1,7.853593,4.749717,5.61643,4.546111,-44.11406,0.2791613,31.82148,11.80505,ACCELERATE
-1,8.204502,4.961815,5.354331,4.334042,-44.3236,0.2791592,30.34673,11.90505,ACCELERATE
-1,8.424519,5.15393,5.145957,4.129302,-44.51873,0.2791601,28.92694,12.00128,LEFT_ACCELERATE
-1,7.941998,5.245361,5.27312,3.974638,-44.63681,0.2791662,27.37725,12.10575,LEFT_ACCELERATE
-1,7.204572,5.194415,5.78075,4.007359,-44.58763,0.2791733,25.93645,12.2027,LEFT_ACCELERATE
-1,6.818451,5.075941,6.176548,4.136876,-44.46095,0.2791658,24.48766,12.30036,ACCELERATE
-1,6.645922,4.950016,6.368545,4.26306,-44.33665,0.2791626,22.96635,12.40284,ACCELERATE
-1,6.50011,4.840241,6.530591,4.372711,-44.22799,0.2791604,21.44358,12.50534,ACCELERATE
-1,6.374291,4.745814,6.670347,4.467059,-44.13333,0.2791601,19.98546,12.60343,ACCELERATE
-1,6.251964,4.654284,6.806209,4.558539,-44.04253,0.27916,18.4925,12.70385,ACCELERATE
-1,6.13353,4.565851,6.937753,4.646942,-43.95426,0.2791596,16.97229,12.80608,ACCELERATE
-1,6.027378,4.486693,7.05567,4.726085,-43.87563,0.2791597,15.57522,12.90002,ACCELERATE
-1,5.914882,4.402878,7.180652,4.809891,-43.79184,0.2791603,14.05475,13.00225,ACCELERATE
-1,5.804472,4.320667,7.30333,4.892099,-43.70935,0.2791601,12.53548,13.1044,ACCELERATE
-1,5.696462,4.240272,7.423362,4.972495,-43.62994,0.2791601,11.05837,13.20371,ACCELERATE
-1,5.592815,4.163143,7.538557,5.049626,-43.55265,0.2791601,9.611301,13.301,ACCELERATE
-1,5.483768,4.082008,7.659767,5.130765,-43.47071,0.2791601,8.07057,13.40458,ACCELERATE
-1,5.379666,4.00456,7.775492,5.208219,-43.39433,0.2791601,6.630298,13.50141,ACCELERATE
-1,5.275815,3.927304,7.890947,5.285482,-43.31654,0.2791603,5.160616,13.60021,ACCELERATE
-1,5.165405,3.845169,8.013705,5.367624,-43.23502,0.2791598,3.618709,13.70387,ACCELERATE
-1,5.062913,3.768925,8.12767,5.443875,-43.15918,0.27916,2.183386,13.80037,ACCELERATE
-1,4.956498,3.689762,8.246007,5.523046,-43.07981,0.2791605,0.6806831,13.90139,ACCELERATE
-1,4.847939,3.609002,8.366735,5.603813,-42.99928,0.27916,-0.8441637,14.0039,ACCELERATE
-1,4.744025,3.531696,8.482306,5.681127,-42.92113,0.2791606,-2.324078,14.10339,ACCELERATE
-1,4.635254,3.450776,8.603287,5.762055,-42.84092,0.2791605,-3.842708,14.20549,ACCELERATE
-1,4.529491,3.37209,8.720933,5.840748,-42.76199,0.2791595,-5.336894,14.30594,ACCELERATE
-1,4.427354,3.296101,8.83455,5.916745,-42.68629,0.2791605,-6.769528,14.40226,ACCELERATE
-1,4.31807,3.214791,8.956126,5.998063,-42.60546,0.2791604,-8.299088,14.50508,ACCELERATE
-1,4.215724,3.138641,9.069992,6.07422,-42.52934,0.2791604,-9.738996,14.60189,ACCELERATE
-1,4.105957,3.056968,9.192123,6.155902,-42.44711,0.2791593,-11.29406,14.70643,ACCELERATE
-1,4.001126,2.978966,9.30877,6.233912,-42.37,0.2791606,-12.75193,14.80444,ACCELERATE
-1,3.895129,2.900092,9.426721,6.312794,-42.29128,0.2791604,-14.23974,14.90447,ACCELERATE
-1,3.794032,2.824862,9.539227,6.388031,-42.21581,0.2791603,-15.6658,15.00034,ACCELERATE
-1,3.684458,2.743322,9.623431,6.469579,-42.13431,0.2791606,-17.20531,15.10383,ACCELERATE
-1,3.582632,2.667546,9.600766,6.545362,-42.05836,0.2791603,-18.63953,15.20026,ACCELERATE
-1,3.471981,2.5852,9.471298,6.627718,-41.97684,0.2791605,-20.17839,15.30371,ACCELERATE
-1,3.38988,2.508651,9.267773,6.704273,-41.89968,0.2791604,-21.63464,15.40162,ACCELERATE
-1,3.437187,2.429185,8.975361,6.776897,-41.82107,0.2791604,-23.11777,15.50133,ACCELERATE
-1,3.69394,2.398705,8.592258,6.799674,-41.7384,0.2791599,-24.6769,15.60614,ACCELERATE
-1,4.244488,2.472613,8.160813,6.748983,-41.66119,0.2791604,-26.13256,15.70401,ACCELERATE
-1,5.498744,2.668943,7.648127,6.620004,-41.58151,0.2791601,-27.63427,15.80497,ACCELERATE
-1,-1,2.989794,7.095226,6.416949,-41.50349,0.2791604,-29.09404,15.90311,LEFT_ACCELERATE
-1,-1,3.378947,6.616273,6.111193,-41.38465,0.2791614,-30.53227,16.00005,LEFT_ACCELERATE
-1,-1,3.721817,6.29134,5.745816,-41.09366,0.2791817,-32.0935,16.10691,LEFT_ACCELERATE
-1,-1,3.879704,6.212119,5.480128,-40.62669,0.2792032,-33.42313,16.20185,LEFT_ACCELERATE
-1,-1,3.910181,6.344273,5.352221,-39.89879,0.2792056,-34.71431,16.30176,LEFT_ACCELERATE
-1,9.213369,3.893412,6.446204,5.33911,-39.00837,0.2791907,-35.8718,16.40005,LEFT_ACCELERATE
-1,8.049637,3.853287,6.556807,5.363267,-37.94061,0.2791908,-36.9872,16.50395,LEFT_ACCELERATE
-1,6.422062,3.735148,6.946753,5.464657,-36.79352,0.2792113,-37.87294,16.6016,LEFT_ACCELERATE
-1,5.031361,3.497595,7.723472,5.741081,-35.44681,0.279218,-38.56242,16.70371,LEFT_ACCELERATE
-1,4.083609,3.160663,8.631668,6.157094,-34.07013,0.2792066,-38.98576,16.80092,LEFT_ACCELERATE
-1,3.369688,2.71904,7.082069,6.313269,-32.5808,0.2791881,-39.25244,16.90275,LEFT_ACCELERATE
-1,2.920009,2.285729,5.941729,5.071958,-31.04369,0.2791716,-39.44795,17.00683,LEFT_ACCELERATE
-1,2.773993,2.010492,5.905474,5.031745,-29.61711,0.2791653,-39.65226,17.10361,ACCELERATE
-1,2.859047,1.897103,5.923395,5.049567,-28.10264,0.2791615,-39.90335,17.20669,ACCELERATE
-1,3.190215,1.931018,5.933706,5.059983,-26.69336,0.2791615,-40.15688,17.30283,ACCELERATE
-1,3.704302,2.099312,5.94025,5.066612,-25.1783,0.2791601,-40.44272,17.40634,ACCELERATE
-1,4.212318,2.363893,5.943763,5.070203,-23.74745,0.2791608,-40.72092,17.50421,ACCELERATE
-1,4.754082,2.667618,5.946201,5.072657,-22.2617,0.2791589,-41.01525,17.60589,ACCELERATE
-1,5.271419,2.957717,5.94748,5.073961,-20.8476,0.2791604,-41.2988,17.70271,ACCELERATE
-1,5.827081,3.269376,5.948232,5.074722,-19.35121,0.279159,-41.6013,17.8052,ACCELERATE
-1,6.355835,3.565987,5.948569,5.075063,-17.93277,0.2791603,-41.88956,17.90238,ACCELERATE
-1,6.913235,3.878709,5.948691,5.075177,-16.44093,0.2791599,-42.19381,18.00459,ACCELERATE
-1,7.433345,4.170536,5.948606,5.075091,-15.04055,0.2791601,-42.48007,18.10055,ACCELERATE
-1,8.004193,4.490859,5.810257,4.957018,-13.52309,0.2791597,-42.79075,18.20453,ACCELERATE
-1,-1,-1,5.467274,4.664373,-12.12731,0.2791603,-43.0768,18.30019,ACCELERATE
-1,-1,-1,5.094917,4.34665,-10.61096,0.2791598,-43.38777,18.4041,ACCELERATE
-1,-1,-1,4.751277,4.053429,-9.19768,0.2791603,-43.67773,18.50096,ACCELERATE
-1,-1,-1,4.373594,3.731178,-7.698664,0.2791601,-43.98535,18.60369,ACCELERATE
-1,-1,-1,4.105048,3.436255,-6.253191,0.2791602,-44.25999,18.70249,LEFT_ACCELERATE
-1,-1,-1,3.30451,2.584418,-4.808929,0.2791718,-44.41918,18.8002,LEFT_ACCELERATE
-1,-1,-1,0.7437214,0.5375285,-3.262577,0.2791765,-44.40404,18.90423,LEFT_ACCELERATE
-1,-1,-1,1.443492,1.065132,-1.740475,0.2791679,-44.28885,19.00674,LEFT_ACCELERATE
-1,-1,-1,1.469485,1.085016,-0.2997093,0.2791635,-44.18639,19.10372,ACCELERATE
8.941531,-1,-1,1.462453,1.079559,1.142889,0.2791613,-44.1003,19.20074,ACCELERATE
7.446221,-1,-1,1.456819,1.075209,2.673437,0.27916,-44.02047,19.30364,ACCELERATE
6.009047,-1,-1,1.453507,1.072654,4.142647,0.2791599,-43.95109,19.40238,ACCELERATE
4.556444,-1,-1,1.451576,1.071164,5.61446,0.2791598,-43.8862,19.50129,ACCELERATE
2.993335,-1,-1,1.450265,1.070157,7.174504,0.2791594,-43.82075,19.60611,ACCELERATE
1.563747,0.8633977,-1,1.449702,1.069722,8.612771,0.2791601,-43.76242,19.70275,ACCELERATE
3.253401,0.7802079,0.6249954,-1,8.686378,9.786056,0.2792941,-43.16307,19.80183,ACCELERATE
4.9288,0.7862083,0.5690014,-1,8.634095,10.91247,0.2791621,-42.44154,19.9004,ACCELERATE
4.718688,0.7851545,0.5684153,-1,8.633984,12.0035,0.279178,-41.57725,20.00059,ACCELERATE
4.477561,0.7818555,0.5658528,-1,8.634968,13.10101,0.279137,-40.5872,20.10488,ACCELERATE
4.502602,0.7784204,0.571444,-1,8.631504,14.09722,0.2791713,-39.54606,20.20488,LEFT_ACCELERATE
4.796509,0.8057645,0.5915613,-1,8.61323,14.9908,0.2791504,-38.458,20.30139,LEFT_ACCELERATE
6.486213,0.9984509,0.6842262,-1,8.520978,15.80485,0.2791905,-37.16912,20.40516,LEFT_ACCELERATE
-1,1.462908,0.9289994,-1,8.39128,16.35171,0.2792076,-35.84029,20.50276,LEFT_ACCELERATE
-1,2.42447,1.385471,-1,8.235827,16.64313,0.2792166,-34.40387,20.60233,LEFT_ACCELERATE
-1,3.814394,2.013515,8.6237,7.955373,16.68258,0.2792035,-32.95394,20.70074,LEFT_ACCELERATE
-1,5.31387,2.775282,7.507499,7.343723,16.54015,0.2791855,-31.41715,20.80498,LEFT_ACCELERATE
-1,6.26904,3.423575,6.823228,6.526667,16.34496,0.2791703,-29.9883,20.90184,LEFT_ACCELERATE
-1,6.679947,3.943936,6.424477,5.71766,16.1637,0.2791636,-28.47297,21.00433,ACCELERATE
-1,6.93751,4.324401,6.17567,5.148188,16.01927,0.2791619,-27.02255,21.1022,ACCELERATE
-1,6.981047,4.583602,6.088711,4.728367,15.90502,0.2791626,-25.538,21.20219,RIGHT_ACCELERATE
-1,6.573908,4.664913,6.436142,4.540843,15.89891,0.2791682,-24.03527,21.3032,RIGHT_ACCELERATE
-1,6.363882,4.641805,6.662773,4.562768,15.96476,0.2791627,-22.51262,21.40553,ACCELERATE
-1,6.280057,4.581073,6.752138,4.623526,16.02526,0.2791611,-21.05232,21.50365,ACCELERATE
-1,6.201443,4.523263,6.835773,4.681304,16.08323,0.2791592,-19.5314,21.60583,ACCELERATE
-1,6.127605,4.46905,6.914313,4.735494,16.13712,0.2791604,-18.02804,21.70683,ACCELERATE
-1,6.058015,4.418047,6.98834,4.78648,16.18832,0.2791594,-16.53765,21.80694,ACCELERATE
-1,5.991952,4.369687,7.058616,4.834828,16.23604,0.27916,-15.10724,21.90303,ACCELERATE
-1,5.924315,4.320214,7.130569,4.884291,16.28545,0.2791594,-13.59588,22.00455,ACCELERATE
-1,5.859566,4.272879,7.19945,4.931618,16.33281,0.2791602,-12.12587,22.10329,ACCELERATE
-1,5.792581,4.223928,7.27071,4.980561,16.38229,0.2791601,-10.57513,22.20745,ACCELERATE
-1,5.72837,4.177018,7.339018,5.027465,16.42866,0.2791604,-9.111443,22.30577,ACCELERATE
-1,5.665148,4.130838,7.406271,5.073638,16.47459,0.2791588,-7.654522,22.40362,ACCELERATE
-1,5.602569,4.085135,7.472837,5.119337,16.52042,0.2791606,-6.196223,22.50157,ACCELERATE
-1,5.53845,4.038311,7.541038,5.166156,16.56754,0.2791596,-4.692889,22.60255,ACCELERATE
-1,5.473972,3.99123,7.609617,5.213232,16.61453,0.2791604,-3.190718,22.70345,ACCELERATE
-1,5.411263,3.945443,7.676311,5.259015,16.66017,0.2791597,-1.730007,22.80156,ACCELERATE
-1,5.347074,3.898577,7.744576,5.305875,16.70676,0.2791601,-0.2368107,22.90186,ACCELERATE
-1,5.283559,3.852206,7.812119,5.352241,16.75362,0.2791599,1.266357,23.00282,ACCELERATE
-1,5.216737,3.803423,7.883175,5.401019,16.80161,0.2791602,2.807014,23.1063,ACCELERATE
-1,5.153471,3.757237,7.950445,5.4472,16.84822,0.2791597,4.304615,23.20689,ACCELERATE
-1,5.094464,3.714162,8.013183,5.490271,16.89166,0.2791599,5.700987,23.30068,ACCELERATE
-1,5.026283,3.664392,8.08567,5.540035,16.94062,0.2791609,7.275947,23.40647,ACCELERATE
-1,4.962574,3.617888,8.153398,5.586535,16.98754,0.2791598,8.786239,23.50791,ACCELERATE
-1,4.901515,3.573318,8.218306,5.6311,17.03167,0.2791604,10.20731,23.60336,ACCELERATE
-1,4.836387,3.525782,8.287533,5.678632,17.07992,0.2791605,11.76232,23.7078,ACCELERATE
-1,4.773971,3.480226,8.353873,5.724184,17.12475,0.2791597,13.20754,23.80488,ACCELERATE
-1,4.710524,3.433918,8.421307,5.770486,17.17103,0.2791603,14.70022,23.90514,ACCELERATE
-1,4.648108,3.388365,8.487638,5.816035,17.2166,0.2791598,16.17096,24.00392,ACCELERATE
-1,4.583294,3.341063,8.556514,5.863333,17.26408,0.2791605,17.70426,24.10691,ACCELERATE
-1,4.523978,3.297774,8.619542,5.906617,17.3078,0.2791597,19.11678,24.20178,ACCELERATE
-1,4.462335,3.252789,8.68504,5.951597,17.35329,0.27916,20.5875,24.30057,ACCELERATE
-1,4.397665,3.205597,8.75375,5.998785,17.39966,0.2791602,22.08713,24.40129,ACCELERATE
-1,4.332122,3.157768,8.823382,6.046609,17.44747,0.27916,23.63413,24.50521,ACCELERATE
-1,4.267636,3.110713,8.891887,6.093659,17.49401,0.2791609,25.14093,24.60641,ACCELERATE
-1,4.207631,3.066928,8.955627,6.13744,17.53841,0.2791595,26.57942,24.70303,ACCELERATE
-1,4.142691,3.019545,9.024606,6.184819,17.58586,0.2791607,28.11719,24.80632,ACCELERATE
-1,4.079533,2.973463,9.091687,6.230896,17.63138,0.2791598,29.59336,24.90547,ACCELERATE
-1,4.015656,2.926858,9.180582,6.277496,17.67787,0.27916,31.10162,25.00677,ACCELERATE
-1,3.956818,2.883931,9.399541,6.320419,17.72148,0.27916,32.51733,25.10186,ACCELERATE
-1,3.894588,2.83853,9.883137,6.365815,17.76686,0.2791601,33.99122,25.20085,ACCELERATE
-1,3.801497,2.791609,-1,6.412732,17.81329,0.2791601,35.50021,25.3022,ACCELERATE
-1,3.630435,2.744183,-1,6.46279,17.86059,0.2791596,37.03814,25.4055,ACCELERATE
9.992264,3.390887,2.672352,-1,6.565722,17.90449,0.2791599,38.46637,25.50143,ACCELERATE
8.468184,3.063671,2.519444,-1,6.786349,17.95148,0.2791593,39.99575,25.60415,ACCELERATE
7.339898,2.731646,2.299896,-1,7.067018,17.97429,0.2791598,41.49288,25.7047,LEFT_ACCELERATE
7.130115,2.531935,2.100492,-1,7.235081,17.88172,0.2791712,42.92595,25.80127,LEFT_ACCELERATE
7.909618,2.531007,1.997572,-1,7.243755,17.58805,0.2791961,44.37898,25.90111,LEFT_ACCELERATE
-1,2.87693,2.073641,-1,7.12831,17.00861,0.2792138,45.81801,26.00574,LEFT_ACCELERATE
-1,3.577186,2.36414,-1,6.946011,16.21126,0.2792176,47.03436,26.10394,LEFT_ACCELERATE
-1,4.702462,2.862823,8.320519,6.697175,15.1938,0.2792195,48.08646,26.2029,LEFT_ACCELERATE
-1,6.310741,3.5794,6.731618,6.379703,13.99049,0.2792202,48.93555,26.3026,LEFT_ACCELERATE
-1,8.343848,4.551262,5.439857,5.853782,12.61429,0.2792083,49.57505,26.40535,LEFT_ACCELERATE
-1,9.931829,5.478968,4.479468,5.082812,11.28978,0.2791927,49.99186,26.50015,LEFT_ACCELERATE
-1,8.788474,6.363827,3.585705,3.968919,9.830486,0.2791733,50.36099,26.60245,NONE
-1,8.732331,6.925779,2.941196,3.008991,8.495729,0.2791759,50.70727,26.70039,NONE
-1,8.79939,7.35428,2.411738,2.269494,7.133298,0.2791775,51.0978,26.80811,NONE
-1,8.834895,7.61657,2.089754,1.82871,6.031055,0.2791806,51.43334,26.90188,NONE
-1,8.863851,7.807241,1.859357,1.514924,4.932592,0.279183,51.77941,27.00214,NONE
-1,8.889958,7.924849,1.742494,1.331146,3.88503,0.279186,52.11688,27.10524,NONE
-1,8.913002,7.984963,1.730227,1.239488,2.986693,0.2791878,52.41016,27.20066,NONE
-1,8.936505,8.006432,1.803799,1.212418,2.098095,0.2791899,52.70258,27.30274,NONE
-1,8.959364,7.983622,1.954764,1.241875,1.292794,0.2791925,52.96883,27.40338,NONE
-1,8.980927,7.94285,2.171362,1.305507,0.5438067,0.279195,53.21709,27.50567,NONE
-1,9.001725,7.889616,2.446289,1.391539,-0.1080467,0.2791973,53.43346,27.60335,NONE
-1,8.942842,7.815103,2.783581,1.502418,-0.7147085,0.2791998,53.63496,27.70354,NONE
-1,8.744239,7.745085,3.128943,1.615756,-1.283007,0.2792017,53.82377,27.80804,NONE
-1,8.557029,7.66176,3.501988,1.73346,-1.746062,0.2776013,53.97763,27.90349,NONE
-1,8.390646,7.580596,3.832286,1.857099,-2.182688,0.2749458,54.12273,28.00507,NONE
-1,8.24982,7.512202,4.113325,1.9649,-2.55138,0.2753718,54.24525,28.10345,NONE
-1,8.128556,7.437536,4.355618,2.071408,-2.87524,0.2756415,54.35288,28.20395,NONE
-1,8.025378,7.373892,4.561726,2.162018,-3.147655,0.275721,54.44341,28.30455,NONE
-1,7.939889,7.321178,4.732446,2.232139,-3.374277,0.2757395,54.51871,28.40726,NONE
-1,7.877933,7.282964,4.856133,2.290476,-3.535737,0.2757444,54.57237,28.50032,NONE
-1,7.827328,7.251736,4.957115,2.338112,-3.668325,0.2757464,54.61643,28.60358,NONE
-1,7.794873,7.229724,5.021841,2.368645,-3.752244,0.2757483,54.64433,28.7052,NONE
-1,7.779273,7.218061,5.052899,2.383285,-3.791074,0.2757508,54.65723,28.80449,NONE
-1,7.777201,7.21652,5.057034,2.385231,-3.795336,0.2757492,54.65865,28.90262,NONE
-1,7.77726,7.216606,5.057155,2.385265,-3.795342,0.2757446,54.65865,29.00016,NONE
-1,7.777286,7.216638,5.057205,2.385282,-3.795341,0.2757436,54.65865,29.109,NONE
-1,7.777297,7.216644,5.057193,2.385279,-3.795342,0.2757434,54.65865,29.20613,NONE
-1,7.777308,7.216642,5.057169,2.385278,-3.795344,0.2757438,54.65865,29.30424,NONE
-1,7.777303,7.216639,5.057178,2.385282,-3.795345,0.2757438,54.65865,29.40182,NONE
-1,7.777308,7.216642,5.057169,2.385278,-3.795346,0.2757432,54.65865,29.50497,NONE
-1,7.777311,7.216634,5.057159,2.38528,-3.795347,0.2757429,54.65865,29.60166,NONE
-1,7.777319,7.216632,5.057139,2.385278,-3.795348,0.2757436,54.65865,29.70279,NONE
-1,7.77732,7.216637,5.057137,2.385275,-3.79535,0.275744,54.65865,29.80594,NONE
-1,7.777328,7.216633,5.057121,2.385274,-3.79535,0.275744,54.65865,29.90006,NONE
-1,7.777334,7.216638,5.057109,2.38527,-3.79535,0.2757439,54.65865,30.00081,NONE
-1,7.777341,7.216622,5.057087,2.385274,-3.79535,0.2757439,54.65865,30.10359,NONE
-1,7.777355,7.21662,5.057051,2.385268,-3.79535,0.275744,54.65865,30.20119,NONE
-1,7.777363,7.216618,5.057033,2.385267,-3.79535,0.2757437,54.65865,30.30722,NONE
-1,7.777373,7.216613,5.057009,2.385265,-3.79535,0.2757434,54.65865,30.40027,NONE
-1,7.777383,7.216602,5.056977,2.385266,-3.79535,0.2757439,54.65865,30.5034,NONE
-1,7.777404,7.216605,5.056927,2.385256,-3.79535,0.2757434,54.65865,30.60139,NONE
-1,7.777409,7.216603,5.056916,2.385255,-3.79535,0.2757434,54.65865,30.70028,NONE
-1,7.777409,7.216598,5.056918,2.385258,-3.79535,0.2757436,54.65865,30.80205,NONE
